{"cameraMode":{"drawMode":0,"name":"Shaded","section":"Shading Mode"},"sceneLighting":true,"audioPlay":false,"sceneViewState":{"m_AlwaysRefresh":false,"showFog":true,"showSkybox":true,"showFlares":true,"showImageEffects":true,"showParticleSystems":true,"showVisualEffectGraphs":true,"m_FxEnabled":true},"in2DMode":false,"pivot":{"x":3.2993478775024416,"y":0.007749438285827637,"z":2.029045343399048},"rotation":{"x":0.16325867176055909,"y":0.6055062413215637,"z":-0.12867851555347444,"w":0.7682174444198608},"size":3.6229753494262697,"orthographic":false}